Filesize,seconds
272968,57.033278942108154
158648,24.019570112228394
34,0.011134147644042969
1962418,357.6424651145935
12259,2.430793046951294
1135,0.2187821865081787
10468,2.251267194747925
563520,88.8581919670105
1127040,179.2668080329895
272968,52.35227179527283
158648,26.29419493675232
